Product,Category,Department,product_key,pageviews,unique_ips
Perfect Fitness Perfect Rip Deck,cleats,apparel ,perfect fitness perfect rip deck,27878,2773
adidas Kids' RG III Mid Football Cleat,featured shops,apparel ,adidas kids' rg iii mid football cleat,26200,2722
Nike Men's Dri-FIT Victory Golf Polo,women's apparel,golf ,nike men's dri-fit victory golf polo,25627,2730
Nike Men's CJ Elite 2 TD Football Cleat,men's footwear,apparel ,nike men's cj elite 2 td football cleat,25241,2703
O'Brien Men's Neoprene Life Vest,indoor outdoor games,fan shop ,o'brien men's neoprene life vest,16194,2409
Pelican Sunstream 100 Kayak,water sports,fan shop ,pelican sunstream 100 kayak,16186,2449
Diamondback Women's Serene Classic Comfort Bi,camping & hiking,fan shop ,diamondback women's serene classic comfort bi,15521,2428
Field & Stream Sportsman 16 Gun Fire Safe,fishing,fan shop ,field & stream sportsman 16 gun fire safe,15178,2405
Under Armour Hustle Storm Medium Duffle Bag,fitness accessories,footwear ,under armour hustle storm medium duffle bag,13752,2324
Columbia Men's PFG Anchor Tough T-Shirt,shop by sport,golf ,columbia men's pfg anchor tough t-shirt,13716,2336
Nike Men's Free 5.0+ Running Shoe,cardio equipment,footwear ,nike men's free 5.0+ running shoe,13641,2367
Nike Men's Free TR 5.0 TB Training Shoe,as seen on  tv!,footwear ,nike men's free tr 5.0 tb training shoe,13448,2304
Nike Men's Comfort 2 Slide,tennis & racquet,fitness ,nike men's comfort 2 slide,13275,2318
Under Armour Men's Tech II T-Shirt,lacrosse,fitness ,under armour men's tech ii t-shirt,12676,2252
Under Armour Girls' Toddler Spine Surge Runni,shop by sport,golf ,under armour girls' toddler spine surge runni,12511,2273
Nike Men's Fingertrap Max Training Shoe,soccer,fitness ,nike men's fingertrap max training shoe,12271,2265
adidas Youth Germany Black/Red Away Match Soc,girls' apparel,golf ,adidas youth germany black/red away match soc,8626,1985
The North Face Women's Recon Backpack,hunting & shooting,fan shop ,the north face women's recon backpack,8356,1950
adidas Men's Germany Black Crest Away Tee,girls' apparel,golf ,adidas men's germany black crest away tee,8099,1944
TYR Boys' Team Digi Jammer,girls' apparel,golf ,tyr boys' team digi jammer,7856,1929
Stiga Master Series ST3100 Competition Indoor,hockey,fitness ,stiga master series st3100 competition indoor,7497,1876
Ogio Race Golf Shoes,golf bags & carts,outdoors ,ogio race golf shoes,7438,1846
insta-bed Neverflat Air Mattress,hunting & shooting,fan shop ,insta-bed neverflat air mattress,7289,1863
Yakima DoubleDown Ace Hitch Mount 4-Bike Rack,strength training,footwear ,yakima doubledown ace hitch mount 4-bike rack,6770,1817
Diamondback Boys' Insight 24 Performance Hybr,basketball,fitness ,diamondback boys' insight 24 performance hybr,6668,1769
Nike Women's Free 5.0 TR FIT PRT 4 Training S,boxing & mma,footwear ,nike women's free 5.0 tr fit prt 4 training s,6327,1779
Nike Dri-FIT Crew Sock 6 Pack,hockey,fitness ,nike dri-fit crew sock 6 pack,6160,1695
adidas Kids' F5 Messi FG Soccer Cleat,baseball & softball,fitness ,adidas kids' f5 messi fg soccer cleat,6126,1704
adidas Brazuca 2017 Official Match Ball,baseball & softball,fitness ,adidas brazuca 2017 official match ball,6119,1731
Under Armour Women's Micro G Skulpt Running S,boxing & mma,footwear ,under armour women's micro g skulpt running s,5933,1664
SOLE E35 Elliptical,strength training,footwear ,sole e35 elliptical,5709,1707
SOLE E25 Elliptical,basketball,fitness ,sole e25 elliptical,5645,1657
Under Armour Kids' Mercenary Slide,electronics,footwear ,under armour kids' mercenary slide,4998,1536
Under Armour Men's Compression EV SL Slide,electronics,footwear ,under armour men's compression ev sl slide,4457,1448
Under Armour Women's Ignite Slide,electronics,footwear ,under armour women's ignite slide,4101,1375
Cleveland Golf Collegiate My Custom Wedge 588,women's golf clubs,outdoors ,cleveland golf collegiate my custom wedge 588,3932,1328
MDGolf Pittsburgh Penguins Putter,women's golf clubs,outdoors ,mdgolf pittsburgh penguins putter,3850,1350
Cleveland Golf Women's 588 RTX CB Satin Chrom,golf apparel,outdoors ,cleveland golf women's 588 rtx cb satin chrom,3728,1282
Top Flite Women's 2017 XL Hybrid,golf apparel,outdoors ,top flite women's 2017 xl hybrid,3699,1299
LIJA Women's Button Golf Dress,golf shoes,outdoors ,lija women's button golf dress,2646,1047
Glove It Imperial Golf Towel,trade-in,outdoors ,glove it imperial golf towel,2639,1063
LIJA Women's Mid-Length Panel Golf Shorts,golf shoes,outdoors ,lija women's mid-length panel golf shorts,2604,1010
LIJA Women's Eyelet Sleeveless Golf Polo,golf shoes,outdoors ,lija women's eyelet sleeveless golf polo,2482,978
Glove It Urban Brick Golf Towel,trade-in,outdoors ,glove it urban brick golf towel,2345,951
Garmin Approach S3 Golf GPS Watch,trade-in,outdoors ,garmin approach s3 golf gps watch,2224,954
Merrell Women's Grassbow Sport Hiking Shoe,men's golf clubs,outdoors ,merrell women's grassbow sport hiking shoe,2156,934
Merrell Women's Siren Mid Waterproof Hiking B,men's golf clubs,outdoors ,merrell women's siren mid waterproof hiking b,2102,878
Hirzl Women's Soffft Flex Golf Glove,golf balls,outdoors ,hirzl women's soffft flex golf glove,1914,795
Glove It Women's Imperial Golf Glove,golf balls,outdoors ,glove it women's imperial golf glove,1777,757
Titleist Club Glove Travel Cover,golf gloves,outdoors ,titleist club glove travel cover,1732,752
Merrell Men's All Out Flash Trail Running Sho,men's golf clubs,outdoors ,merrell men's all out flash trail running sho,1706,753
Team Golf New England Patriots Putter Grip,accessories,outdoors ,team golf new england patriots putter grip,1691,747
Hirzl Men's Hybrid Golf Glove,golf balls,outdoors ,hirzl men's hybrid golf glove,1689,763
Glove It Women's Mod Oval Golf Glove,golf balls,outdoors ,glove it women's mod oval golf glove,1683,759
Team Golf Tennessee Volunteers Putter Grip,accessories,outdoors ,team golf tennessee volunteers putter grip,1583,718
Clicgear 8.0 Shoe Brush,golf gloves,outdoors ,clicgear 8.0 shoe brush,1482,656
Polar FT4 Heart Rate Monitor,kids' golf clubs,outdoors ,polar ft4 heart rate monitor,1456,652
Team Golf Texas Longhorns Putter Grip,accessories,outdoors ,team golf texas longhorns putter grip,1431,656
Team Golf St. Louis Cardinals Putter Grip,accessories,outdoors ,team golf st. louis cardinals putter grip,1382,633
Bridgestone e6 Straight Distance NFL San Dieg,electronics,outdoors ,bridgestone e6 straight distance nfl san dieg,1355,611
Titleist Pro V1x Golf Balls,electronics,outdoors ,titleist pro v1x golf balls,1259,580
Bridgestone e6 Straight Distance NFL Tennesse,electronics,outdoors ,bridgestone e6 straight distance nfl tennesse,1256,579
Team Golf Pittsburgh Steelers Putter Grip,accessories,outdoors ,team golf pittsburgh steelers putter grip,1192,577
Titleist Pro V1x High Numbers Golf Balls,electronics,outdoors ,titleist pro v1x high numbers golf balls,1191,574
Clicgear Rovic Cooler Bag,golf gloves,outdoors ,clicgear rovic cooler bag,1190,537
Garmin Approach S4 Golf GPS Watch,kids' golf clubs,outdoors ,garmin approach s4 golf gps watch,1190,562
Bridgestone e6 Straight Distance NFL Carolina,electronics,outdoors ,bridgestone e6 straight distance nfl carolina,1180,550
Titleist Pro V1x High Numbers Personalized Go,electronics,outdoors ,titleist pro v1x high numbers personalized go,1048,499
Bag Boy Beverage Holder,golf gloves,outdoors ,bag boy beverage holder,1048,504
Mio ALPHA Heart Rate Monitor/Sport Watch,kids' golf clubs,outdoors ,mio alpha heart rate monitor/sport watch,1045,521
TaylorMade 2017 Purelite Stand Bag,golf gloves,outdoors ,taylormade 2017 purelite stand bag,1043,509
Bag Boy M330 Push Cart,golf gloves,outdoors ,bag boy m330 push cart,1015,487
Polar Loop Activity Tracker,kids' golf clubs,outdoors ,polar loop activity tracker,930,469
Bushnell Pro X7 Jolt Slope Rangefinder,kids' golf clubs,outdoors ,bushnell pro x7 jolt slope rangefinder,929,429
Garmin Forerunner 910XT GPS Watch,kids' golf clubs,outdoors ,garmin forerunner 910xt gps watch,877,430
Fitbit The One Wireless Activity & Sleep Trac,kids' golf clubs,outdoors ,fitbit the one wireless activity & sleep trac,807,413
