order_month,order_month_label,sales,net_sales,profit,orders,order_lines,avg_order_value,late_rate,avg_discount_rate,profit_margin,yoy_sales_pct,mom_sales_pct
2015-01-01,2015-01,1051590.080197363,945382.1605344249,111660.740131745,1787,5322,588.4667488513504,0.5411499436302142,0.10114806513697858,0.10618276287922805,,
2015-02-01,2015-02,927009.898168041,833012.429253123,99140.660195881,1585,4729,584.86428906501,0.5485303446817509,0.10162190789173187,0.10694671156349354,,-0.11846838837234053
2015-03-01,2015-03,1051253.690334273,944050.110472353,113778.210191127,1781,5362,590.2603539215457,0.5475568817605371,0.10184819146810892,0.10823097339610603,,0.13402639217959034
2015-04-01,2015-04,1014463.279822583,912004.400261305,108083.679956629,1710,5126,593.2533800132064,0.538431525555989,0.10185719909715177,0.1065427227445152,,-0.03499670046341685
2015-05-01,2015-05,1050478.44015248,943939.76995613,112147.900143277,1776,5357,591.4856081939641,0.5508680231472839,0.10120776603360089,0.1067588784849296,,0.03550168946104759
2015-06-01,2015-06,1024006.169832033,920242.060275583,110147.160313142,1725,5134,593.6267651200192,0.5410985586287496,0.10146084974386443,0.10756493814017679,,-0.025200203363149987
2015-07-01,2015-07,1038081.190095872,932936.790226654,115624.059878668,1763,5299,588.8151957435463,0.5546329496131346,0.10153047793923382,0.11138248239329868,,0.013745054159339354
2015-08-01,2015-08,1029494.690638762,925192.870535762,117979.770301531,1762,5273,584.2762148914654,0.5567987862696757,0.10214488958126304,0.11459968795791367,,-0.008271510493622403
2015-09-01,2015-09,1018338.599974533,914522.370143404,113467.940118142,1706,5140,596.9159437130909,0.5669260700389105,0.1024163429114786,0.11142456951055342,,-0.010836472267095498
2015-10-01,2015-10,1049154.27043329,943131.10021303,101757.87003983899,1775,5302,591.0728284131212,0.5480950584685025,0.10099962326989816,0.09699037873411509,,0.03026073101768678
2015-11-01,2015-11,1029120.240618734,924602.570546607,104427.360119529,1729,5235,595.2112438512053,0.5426934097421203,0.10159312370735434,0.10147245773413661,,-0.019095408920446033
2015-12-01,2015-12,1057840.880614801,950526.920552301,110641.549880989,1805,5371,586.061429703491,0.5468255445913238,0.1022081554252467,0.10459186434228729,,0.027907953670019525
2016-01-01,2016-01,1046308.250500212,940283.630375412,106780.950228697,1772,5317,590.467409988833,0.5557645288696633,0.10135226679687794,0.10205496341794866,-0.0050227077989930535,-0.010902046163962287
2016-02-01,2016-02,968542.849025412,870116.749786724,86809.490641663,1650,4894,586.9956660760073,0.5414793624846751,0.10184716029689415,0.08962896244499075,0.04480313634131461,-0.07432360534060822
2016-03-01,2016-03,1025853.120817973,921487.730559933,101259.99024981,1764,5210,581.5493882188056,0.5575815738963532,0.10179078744318619,0.09870807837389962,-0.02416216917937597,0.05917164310306866
2016-04-01,2016-04,1001211.579778363,900492.919909295,114976.619906938,1706,5097,586.8766587211975,0.5522856582303316,0.10149107369119091,0.11483748513215382,-0.013062769552918185,-0.024020535239939522
2016-05-01,2016-05,1029400.200723323,924978.220743864,110716.120111335,1763,5302,583.8912085781753,0.5565824217276499,0.1013127126705017,0.10755401061077965,-0.02006537080960691,0.028154509510567305
2016-06-01,2016-06,1003059.550005001,901448.010186072,104196.070108119,1690,5054,593.5263609497048,0.5684606252473289,0.10151761031005145,0.10387824940961832,-0.020455560175450693,-0.0255883481466328
2016-07-01,2016-07,1045715.620862,939216.40059965,119941.720183092,1758,5305,594.8325488407281,0.5193213949104618,0.10191894489198869,0.11469821985084447,0.007354367692013586,0.04252596055417279
2016-08-01,2016-08,1048200.251113612,942408.940467754,110729.540117032,1766,5334,593.5448760552729,0.5526809148856393,0.10147169155511811,0.10563777293450607,0.018169652204076847,0.0023760095020515237
2016-09-01,2016-09,1002397.039938014,900371.629961594,123384.709977059,1730,5160,579.4202542994301,0.5498062015503876,0.10192248111027133,0.12308965914812442,-0.01565447881177995,-0.04369700458184056
2016-10-01,2016-10,1048130.550406502,941882.280194664,116781.970048187,1776,5398,590.1635982018593,0.547795479807336,0.10151722910374213,0.11141929791369484,-0.0009757573844361156,0.04562414756463773
2016-11-01,2016-11,1047590.141074611,941197.3609678299,109539.199962309,1721,5210,608.7101342676416,0.5462571976967371,0.10183109456199617,0.10456303058555363,0.017947271588762526,-0.0005155935314369309
2016-12-01,2016-12,1037408.170125002,932112.890084133,105002.68993700799,1763,5269,588.4334487379479,0.5606376921617006,0.10210096843442779,0.10121637072161842,-0.019315485782629094,-0.009719422272497114
2017-01-01,2017-01,1029698.020147722,925472.619840525,114843.850276999,1745,5217,590.0848252995542,0.5361318765574085,0.10143377467471727,0.11153158307570926,-0.01587508303078855,-0.0074321276806129655
2017-02-01,2017-02,992534.898790352,891924.289692601,115111.070097214,1614,4906,614.9534688911723,0.5466775377089278,0.10153689409702404,0.11597684901307265,0.02477128377859783,-0.03609128174495124
2017-03-01,2017-03,1048004.781065341,942290.430651583,118688.90021145,1782,5347,588.105937747105,0.5526463437441556,0.10123433750944455,0.11325225071091541,0.02159340338089044,0.05588708502098272
2017-04-01,2017-04,1038321.620870051,932318.20057466,115961.06019266699,1739,5212,597.0797129787528,0.5377973906369916,0.10233499667651573,0.11168125353635476,0.03706513372518416,-0.00923961452298594
2017-05-01,2017-05,1105485.32189609,993199.05077958,115014.64001427,1763,5317,627.0478286421385,0.5347000188075983,0.10198608287417717,0.10403995216960538,0.07391209086544248,0.06468487188946304
2017-06-01,2017-06,1032086.4903108199,927445.97016683,110399.290304686,1676,4951,615.8033951735204,0.5350434255705918,0.101341143705918,0.10696709175162103,0.02893840181839069,-0.06639512088625377
2017-07-01,2017-07,1104373.36097925,992423.43050275,113026.700038081,1776,5318,621.8318473982265,0.5477623166603987,0.10190861275817976,0.10234464541761494,0.05609339570627947,0.07003954740911333
2017-08-01,2017-08,1109337.17125681,996507.88074761,131501.160211149,1768,5305,627.453151163354,0.564373232799246,0.10199623047408106,0.1185402992150406,0.05832561104449829,0.0044946849072478035
2017-09-01,2017-09,1143775.10762319,1027111.72871293,122462.390152852,1723,5189,663.8276886959897,0.5423010213914049,0.10141645838253999,0.10706859183824494,0.1410399891982108,0.031043705429399715
2017-10-01,2017-10,1073994.1690205599,966081.409769428,113447.169882532,2101,2255,511.1823745933175,0.5365853658536586,0.1006208430745011,0.10563108548903141,0.02467595148717594,-0.06100931742397997
2017-11-01,2017-11,626914.38366701,563393.47010096,67791.250204682,2055,2055,305.0678266019513,0.5508515815085158,0.10149878395182482,0.10813478199072524,-0.4015652123034249,-0.41627766541904876
2017-12-01,2017-12,503910.81734302,452741.530874991,65837.629744941,2124,2124,237.24614752496234,0.551789077212806,0.1018596991826742,0.13065333681877342,-0.5142598334440518,-0.19620472831474256
2018-01-01,2018-01,331650.11515684,297952.050994565,33841.889977086,2123,2123,156.21767082281679,0.5628827131417805,0.10215261472209138,0.10204094143335937,-0.6779151667114394,-0.3418475973476065
